ARTICLE_ID,HEADLINE,AUTHOR,CONTENT,ARTICLE_URL,MEDIA_PROVIDER,PUBLISH_DATE,VIEW_COUNT,COMMENT_COUNT,UNIQUE_COMMENTERS,ENGAGEMENT,LIKES_AND_VOTES,INBOUND_LINKS,FORUM_THREAD_SIZE,FOLLOWING,FOLLOWERS,UPDATES,BLOG_POST_SENTIMENT,BLOG_POST_ENGAGEMENT,BLOG_POST_CLASSIFICATION,BLOG_POST_ASSIGNMENT,BLOG_POST_PRIORITY,BLOG_POST_COMMENT,BLOG_POST_NOTE,BLOG_POST_TAG,BLOG_SOURCE_TAG,FIRST_ENGAGEMENT_ACTIVITY,LAST_ENGAGEMENT_ACTIVITY
410540818479,"TWEET FROM: SIMPLYSHARLEEN","SIMPLYSHARLEEN","2/3 I got this �� (@ Clara Maass Medical Center in Belleville, NJ) https://t.co/xSEVWPmpeW","http://twitter.com/simplysharleen/statuses/629603077662863360","TWITTER","Aug 07, 2015 10:40 AM",0,0,0,0,0,0,0,186,265,14444,Neutral,,,,,,,,,,
410462082096,"Post from Clara Maass Medical Center  ","CLARA MAASS MEDICAL CENTER","Did you know exercise helps fight breast cancer? To learn more about breast cancer, including preventive screenings, understanding your diagnosis, deciding on treatment and more, visit http://ow.ly/QA9wV.","http://www.facebook.com/permalink.php?story_fbid=1079137208772070&id=213915145294285","Facebook Photo Posts","Aug 06, 2015 10:03 PM",0,0,0,0,0,0,0,0,0,0,Neutral,,,,,,,,,,
410363966702,"Post from Clara Maass Medical Center Foundation  ","CLARA MAASS MEDICAL CENTER FOUNDATION","Did you know exercise helps fight breast cancer? To learn more about breast cancer, including preventive screenings, understanding your diagnosis, deciding on treatment and more, visit http://ow.ly/QA9wV.","http://www.facebook.com/permalink.php?story_fbid=712428265535489&id=108319119279743","Facebook Photo Posts","Aug 06, 2015 10:03 PM",0,0,0,0,0,0,0,0,0,0,Neutral,,,,,,,,,,
410360848416,"TWEET FROM: CLARA_MAASS","CLARA_MAASS","Did you know exercise helps fight #breastcancer? http://t.co/ZKUCXrF2iT","http://twitter.com/Clara_Maass/statuses/629412211442778117","TWITTER","Aug 06, 2015 10:02 PM",0,0,0,0,0,0,0,156,286,235,Neutral,,,,,,,,,,
410279202199,"Post from Clara Maass Medical Center Foundation  ","CLARA MAASS MEDICAL CENTER FOUNDATION","Life does not stop when you have heart failure. The following five tips can help to improve your quality of life, whether you’re living with heart failure or trying to protect your heart from damage. Living well with heart failure Tips from the Barnabas Health Heart Centers","http://www.facebook.com/permalink.php?story_fbid=712322698879379&id=108319119279743","Facebook Link Posts","Aug 06, 2015 03:23 PM",0,0,0,0,0,0,0,0,0,0,Neutral,,,,,,,,,,
410258383643,"TWEET FROM: CLARA_MAASS","CLARA_MAASS","Living well with #heartfailure http://t.co/5SxVM3E74Z","http://twitter.com/Clara_Maass/statuses/629311722201960448","TWITTER","Aug 06, 2015 03:23 PM",0,0,0,0,0,0,0,156,286,234,Neutral,,,,,,,,,,
410206074978,"Comment From: Clara Bender Detmers  ","CLARA BENDER DETMERS","Lay off his high paid aides and the Senate and Congress they aren't doing anything anyway. We could save a lot of money then","http://www.facebook.com/permalink.php?story_fbid=10153548050989283&id=296561024282&comment_id=10153549639064283","Facebook Comments","Aug 06, 2015 12:12 PM",0,0,0,0,0,0,0,0,0,0,Neutral,,,,,,,,,,
410185378290,"TWEET FROM: SIMPLYSHARLEEN","SIMPLYSHARLEEN","Back at it. 1/3 (@ Clara Maass Medical Center in Belleville, NJ) https://t.co/4iYck6Ezo6","http://twitter.com/simplysharleen/statuses/629240549065781248","TWITTER","Aug 06, 2015 10:40 AM",0,0,0,0,0,0,0,186,263,14438,Neutral,,,,,,,,,,
